,rmsd,tm_score,lddt,identifier,tool,msa_mode,template_id,plddt,max_pae,ptm
0,4.926135540008545,0.8583462238311768,0.8158411892825703,1241,OmegaFold,,,,,
1,3.860319137573242,0.8884496092796326,0.8007696018455661,1241,ESM,,,,,
2,20.271562576293945,0.3045783042907715,0.35019493060829116,1241,ColabFold,single,none,37.26609375,31.265625,0.22
3,4.941584587097168,0.8539760112762451,0.8051125123639961,1241,ColabFold,single,omega,96.545859375,28.703125,0.92
4,0.19063955545425415,0.9836673140525818,0.9645616600232472,1241,ColabFold,single,truth,96.821640625,30.71875,0.92
5,3.533543109893799,0.8965755105018616,0.8081001979184372,1241,ColabFold,single,comb,92.72403645833333,28.53125,0.89
6,3.8603386878967285,0.8875632882118225,0.8027482330336925,1241,ColabFold,single,esm,96.34643229166667,27.9375,0.92
7,5.432764530181885,0.9085752964019775,0.8784634053167345,1241,ColabFold,full,none,89.74846354166667,31.3125,0.87
8,4.970080375671387,0.8557599186897278,0.8080344526829625,1241,ColabFold,full,omega,93.42364583333334,28.9375,0.92
9,0.19168753921985626,0.9836621880531311,0.9807467911318553,1241,ColabFold,full,truth,96.34229166666667,30.71875,0.92
10,3.3775923252105713,0.9040042161941528,0.8213205520775957,1241,ColabFold,full,comb,91.69575520833334,29.28125,0.89
11,3.414842367172241,0.903327226638794,0.8111104354410317,1241,ColabFold,full,esm,93.31356770833334,29.265625,0.9
12,6.191976547241211,0.9069499373435974,0.8696615507363171,1241,ColabFold,single,af,96.510703125,30.296875,0.91
13,9.825163841247559,0.8635343313217163,0.8352723640878907,1091,OmegaFold,,,,,
14,9.870108604431152,0.8618053197860718,0.8276875264867919,1091,ESM,,,,,
15,20.14040184020996,0.2653675973415375,0.4043951759795995,1091,ColabFold,single,none,36.70308370044053,30.84375,0.23
16,9.82504653930664,0.863602876663208,0.8352622087970393,1091,ColabFold,single,omega,97.01726872246697,29.921875,0.93
17,0.8301631212234497,0.9410910606384277,0.9463019982196713,1091,ColabFold,single,truth,94.57665198237885,30.640625,0.91
18,9.850293159484863,0.8635295033454895,0.8315977900201629,1091,ColabFold,single,comb,97.19308370044052,29.4375,0.93
19,9.865171432495117,0.8620027899742126,0.8291800528589741,1091,ColabFold,single,esm,97.64352422907488,29.421875,0.93
20,9.86473274230957,0.8640958070755005,0.827671675568595,1091,ColabFold,full,none,95.40506607929515,30.4375,0.92
21,9.829729080200195,0.8638441562652588,0.8344674003256483,1091,ColabFold,full,omega,97.46590308370044,29.1875,0.93
22,9.75123405456543,0.8914388418197632,0.9097208260332597,1091,ColabFold,full,truth,96.15519823788546,30.546875,0.93
23,9.85901165008545,0.8637033700942993,0.8321225660892482,1091,ColabFold,full,comb,97.95735682819384,28.40625,0.94
24,9.87047290802002,0.8618850111961365,0.8284049137578937,1091,ColabFold,full,esm,98.00550660792952,28.28125,0.94
25,9.823599815368652,0.8655391931533813,0.8337898761170756,1091,ColabFold,single,af,97.72493392070484,29.1875,0.93
26,11.562516212463379,0.28459304571151733,0.353305318615153,1061,OmegaFold,,,,,
27,12.714414596557617,0.3208431601524353,0.268011979051128,1061,ESM,,,,,
28,12.433053970336914,0.3290441930294037,0.2530453118870145,1061,ColabFold,single,none,41.5444262295082,30.328125,0.33
29,11.559738159179688,0.2897498309612274,0.35563778970336735,1061,ColabFold,single,omega,95.39819672131148,22.765625,0.75
30,0.396150141954422,0.576652467250824,0.6044777211780549,1061,ColabFold,single,truth,71.64696721311475,31.4375,0.56
31,12.626471519470215,0.3213300108909607,0.2616209509460717,1061,ColabFold,single,comb,78.31647540983606,29.0625,0.7
32,12.727842330932617,0.32319554686546326,0.26369203128119223,1061,ColabFold,single,esm,85.35540983606558,26.265625,0.78
33,3.95819091796875,0.43598753213882446,0.5422953728273329,1061,ColabFold,full,none,72.07885245901639,31.515625,0.42
34,11.618223190307617,0.2888111174106598,0.3516452333867703,1061,ColabFold,full,omega,89.79483606557378,27.578125,0.65
35,0.7588423490524292,0.5703372955322266,0.7120934731169796,1061,ColabFold,full,truth,75.96270491803278,31.5625,0.5
36,12.598100662231445,0.3233796954154968,0.2617101444207434,1061,ColabFold,full,comb,75.68467213114754,29.21875,0.64
37,12.665425300598145,0.32088974118232727,0.27558998572723764,1061,ColabFold,full,esm,76.6444262295082,29.0,0.64
38,3.97253680229187,0.43701690435409546,0.4504894651539708,1061,ColabFold,single,af,94.34344262295082,29.109375,0.72
39,1.8993890285491943,0.9020709991455078,0.8304819106323048,1871,OmegaFold,,,,,
40,1.7340177297592163,0.917007565498352,0.8414572920137732,1871,ESM,,,,,
41,8.250362396240234,0.5479239821434021,0.3730935218918531,1871,ColabFold,single,none,35.69277108433735,30.359375,0.34
42,1.9439728260040283,0.8993136286735535,0.8211262247787922,1871,ColabFold,single,omega,94.34843373493976,30.59375,0.9
43,8.256691932678223,0.5458816885948181,0.37314678081434305,1871,ColabFold,single,truth,35.73566265060241,30.359375,0.34
44,1.8457883596420288,0.9075374603271484,0.8326864325019653,1871,ColabFold,single,comb,94.16343373493976,30.953125,0.9
45,1.7245612144470215,0.9178467392921448,0.840407841379886,1871,ColabFold,single,esm,95.53132530120482,30.59375,0.9
46,1.80471670627594,0.9230508804321289,0.8427834056301406,1871,ColabFold,full,none,91.0960843373494,29.609375,0.88
47,1.8585954904556274,0.9052363038063049,0.8245284433448439,1871,ColabFold,full,omega,94.0577108433735,29.90625,0.9
48,1.806978464126587,0.9227128028869629,0.8428688141422892,1871,ColabFold,full,truth,91.28771084337349,29.515625,0.88
49,1.8185703754425049,0.9099652767181396,0.8301166590581397,1871,ColabFold,full,comb,94.23198795180723,30.09375,0.9
50,1.7116429805755615,0.9193881750106812,0.8404681339831745,1871,ColabFold,full,esm,94.85132530120482,30.15625,0.9
51,1.7643256187438965,0.9258618354797363,0.8457094469868036,1871,ColabFold,single,af,96.26204819277109,30.78125,0.91
52,11.999258995056152,0.48276421427726746,0.5149847575622581,1041,OmegaFold,,,,,
53,2.4430384635925293,0.7996501922607422,0.6575659599396165,1041,ESM,,,,,
54,4.133204460144043,0.6390213370323181,0.5324520138333056,1041,ColabFold,single,none,56.8591452991453,27.328125,0.43
55,12.143172264099121,0.47084638476371765,0.5027339028288187,1041,ColabFold,single,omega,74.63418803418803,29.171875,0.69
56,1.15944242477417,0.9759117960929871,0.9057850456292655,1041,ColabFold,single,truth,92.62196581196581,26.4375,0.87
57,2.6048738956451416,0.8043372631072998,0.6125594802649682,1041,ColabFold,single,comb,78.05299145299145,23.625,0.69
58,2.516024112701416,0.8117611408233643,0.6162982596519304,1041,ColabFold,single,esm,79.36470085470086,24.1875,0.69
59,1.2374573945999146,0.9537954926490784,0.8629763415665983,1041,ColabFold,full,none,88.10547008547009,24.828125,0.82
60,1.2374573945999146,0.9537954926490784,0.8629763415665983,1041,ColabFold,full,omega,88.10547008547009,24.828125,0.82
61,1.2804862260818481,0.97286057472229,0.9056751751454878,1041,ColabFold,full,truth,93.98794871794871,20.96875,0.88
62,1.2374573945999146,0.9537954926490784,0.8629763415665983,1041,ColabFold,full,comb,88.10547008547009,24.828125,0.82
63,1.2374573945999146,0.9537954926490784,0.8629763415665983,1041,ColabFold,full,esm,88.10547008547009,24.828125,0.82
64,1.4744176864624023,0.9357792139053345,0.8293895096550228,1041,ColabFold,single,af,95.27205128205128,20.75,0.89
65,15.541364669799805,0.6624301075935364,0.7717438135841737,1881,OmegaFold,,,,,
66,14.75876522064209,0.6875854134559631,0.7933245195153715,1881,ESM,,,,,
67,22.567710876464844,0.3432570695877075,0.5423319983661128,1881,ColabFold,single,none,37.83484126984127,31.359375,0.34
68,15.574646949768066,0.6576722860336304,0.7371488082470198,1881,ColabFold,single,omega,89.60671428571429,31.265625,0.91
69,22.437789916992188,0.3468760848045349,0.5264380383819195,1881,ColabFold,single,truth,37.9727619047619,31.359375,0.34
70,14.58665657043457,0.6942296624183655,0.7637204994997184,1881,ColabFold,single,comb,82.10471428571428,31.328125,0.8
71,14.822773933410645,0.6880412697792053,0.7653785346029688,1881,ColabFold,single,esm,87.40873015873017,31.359375,0.88
72,0.7480435967445374,0.9031805396080017,0.917920573538729,1881,ColabFold,full,none,90.92371428571428,31.234375,0.89
73,0.7786657810211182,0.902582049369812,0.9159239258186402,1881,ColabFold,full,omega,91.11803174603175,31.296875,0.89
74,0.1754530966281891,0.9091587662696838,0.9665246077801424,1881,ColabFold,full,truth,92.66347619047619,31.234375,0.9
75,0.793655514717102,0.9024855494499207,0.9011579280151749,1881,ColabFold,full,comb,91.11803174603175,31.296875,0.89
76,0.793655514717102,0.9024855494499207,0.9011579280151749,1881,ColabFold,full,esm,91.11803174603175,31.296875,0.89
77,0.8249361515045166,0.9019433856010437,0.8860758073267848,1881,ColabFold,single,af,94.47441269841269,31.46875,0.92
78,28.4560489654541,0.24950185418128967,0.38591824192832513,1292,OmegaFold,,,,,
79,30.946125030517578,0.22704845666885376,0.227024893314367,1292,ESM,,,,,
80,36.101680755615234,0.18873454630374908,0.25915119656733365,1292,ColabFold,single,none,32.34159375,31.375,0.22
81,28.664352416992188,0.25071075558662415,0.3338475567103028,1292,ColabFold,single,omega,87.91275,30.0,0.81
82,0.9499832987785339,0.877316951751709,0.925734213574335,1292,ColabFold,single,truth,85.752140625,31.578125,0.86
83,31.190906524658203,0.22910116612911224,0.19792351952966986,1292,ColabFold,single,comb,72.84065625,30.375,0.75
84,31.102352142333984,0.22769193351268768,0.19292464533990344,1292,ColabFold,single,esm,79.390578125,29.6875,0.84
85,4.95584774017334,0.8102008700370789,0.611375555951611,1292,ColabFold,full,none,79.296234375,31.109375,0.86
86,28.563241958618164,0.25165852904319763,0.334883273940011,1292,ColabFold,full,omega,90.35996875,29.140625,0.84
87,4.076135158538818,0.8664290308952332,0.806067446852078,1292,ColabFold,full,truth,93.09734375,30.6875,0.93
88,4.758141040802002,0.8171389698982239,0.6192811971211224,1292,ColabFold,full,comb,79.296234375,31.109375,0.86
89,4.758141040802002,0.8171389698982239,0.6192811971211224,1292,ColabFold,full,esm,79.296234375,31.109375,0.86
90,4.772547721862793,0.8169850707054138,0.6167831366114134,1292,ColabFold,single,af,94.37525,28.5625,0.94
91,0.503804624080658,0.3113771378993988,0.1261230176986003,1191,OmegaFold,,,,,
92,0.6561881303787231,0.3101889193058014,0.1250243253335858,1191,ESM,,,,,
93,0.7226983308792114,0.30992141366004944,0.11869769618352179,1191,ColabFold,single,none,90.82313725490197,30.4375,0.82
94,0.5471985936164856,0.31127530336380005,0.12608008513612248,1191,ColabFold,single,omega,93.3751633986928,30.296875,0.83
95,0.5825244188308716,0.31031760573387146,0.12523670257532402,1191,ColabFold,single,truth,89.7918954248366,31.15625,0.79
96,0.5727441906929016,0.3115493953227997,0.12672892197875518,1191,ColabFold,single,comb,93.74849673202614,30.328125,0.84
97,0.6043028235435486,0.31124550104141235,0.12595947556615017,1191,ColabFold,single,esm,94.01058823529412,30.5,0.84
98,0.531839907169342,0.31123417615890503,0.12635300530980872,1191,ColabFold,full,none,91.6954248366013,30.703125,0.83
99,0.5297034382820129,0.3111802637577057,0.12550794042969263,1191,ColabFold,full,omega,93.38993464052288,29.921875,0.84
100,0.531839907169342,0.31123417615890503,0.12635300530980872,1191,ColabFold,full,truth,91.6954248366013,30.703125,0.83
101,0.584646999835968,0.31126493215560913,0.126168885998542,1191,ColabFold,full,comb,94.2835294117647,29.78125,0.85
102,0.6239975094795227,0.31079018115997314,0.12542077327311482,1191,ColabFold,full,esm,94.27535947712418,29.859375,0.85
103,0.5440130829811096,0.31153517961502075,0.12614398463492196,1191,ColabFold,single,af,93.4218954248366,30.390625,0.84
104,4.376370906829834,0.8198471665382385,0.6770630084078011,1501,OmegaFold,,,,,
105,2.651339292526245,0.9113088846206665,0.7680310529897411,1501,ESM,,,,,
106,26.43106460571289,0.22809337079524994,0.3408945658802008,1501,ColabFold,single,none,35.71954054054054,31.25,0.21
107,4.42558479309082,0.8191708326339722,0.6577379958558219,1501,ColabFold,single,omega,95.56186486486486,25.078125,0.93
108,26.715087890625,0.241613507270813,0.33977772884135615,1501,ColabFold,single,truth,35.55578378378378,31.25,0.21
109,2.5938825607299805,0.9117205142974854,0.7796905781108824,1501,ColabFold,single,comb,91.50454054054055,29.671875,0.92
110,2.696861505508423,0.910811185836792,0.767268334861613,1501,ColabFold,single,esm,97.33305405405406,28.359375,0.94
111,2.107583999633789,0.927803099155426,0.8194008279784494,1501,ColabFold,full,none,93.66556756756756,30.28125,0.93
112,2.1066832542419434,0.9278990030288696,0.8231279683783201,1501,ColabFold,full,omega,93.61881081081081,30.3125,0.93
113,2.1066832542419434,0.9278990030288696,0.8231279683783201,1501,ColabFold,full,truth,93.61881081081081,30.3125,0.93
114,2.1120495796203613,0.9263524413108826,0.8109217454103035,1501,ColabFold,full,comb,93.61881081081081,30.3125,0.93
115,2.6700046062469482,0.9114949107170105,0.7706790697525262,1501,ColabFold,full,esm,96.36251351351352,29.390625,0.94
116,2.109273672103882,0.9266797304153442,0.8078705033373652,1501,ColabFold,single,af,97.84445945945946,27.328125,0.95
117,1.4062988758087158,0.9020174145698547,0.8341756842577143,1378,OmegaFold,,,,,
118,1.4920011758804321,0.9000363349914551,0.8369534008336041,1378,ESM,,,,,
119,16.05611228942871,0.384182333946228,0.4335260168728289,1378,ColabFold,single,none,52.129097744360905,30.296875,0.41
120,1.4062315225601196,0.9021186828613281,0.8364020873212921,1378,ColabFold,single,omega,96.5571052631579,27.96875,0.91
121,16.09588050842285,0.3839193284511566,0.4335959022354782,1378,ColabFold,single,truth,52.12172932330827,30.28125,0.41
122,1.4884605407714844,0.8979332447052002,0.8352039452326847,1378,ColabFold,single,comb,96.67548872180451,29.5,0.91
123,1.522691011428833,0.8990830183029175,0.8386740578336477,1378,ColabFold,single,esm,97.28714285714285,28.984375,0.92
124,1.0679484605789185,0.9191932082176208,0.8552924421964857,1378,ColabFold,full,none,87.69342105263158,31.359375,0.82
125,1.4087257385253906,0.902147114276886,0.8366072834955738,1378,ColabFold,full,omega,94.20281954887218,28.953125,0.88
126,1.0452888011932373,0.9199206829071045,0.8519622188867886,1378,ColabFold,full,truth,88.00274436090226,31.390625,0.83
127,1.3853744268417358,0.902706503868103,0.8343190312358819,1378,ColabFold,full,comb,92.67236842105262,29.78125,0.87
128,1.5119855403900146,0.8989875316619873,0.8369101714910788,1378,ColabFold,full,esm,95.3822932330827,29.34375,0.88
129,1.0666906833648682,0.9191171526908875,0.8559913192971208,1378,ColabFold,single,af,96.9192105263158,29.375,0.91
130,3.292961359024048,0.6861392855644226,0.7427007774417193,1331,OmegaFold,,,,,
131,3.2645750045776367,0.6889475584030151,0.7065142682424528,1331,ESM,,,,,
132,22.18399429321289,0.22970497608184814,0.3235820674758108,1331,ColabFold,single,none,37.275333333333336,31.328125,0.22
133,3.3044397830963135,0.6860103011131287,0.7243701728884632,1331,ColabFold,single,omega,95.165452991453,29.421875,0.89
134,3.3393096923828125,0.6984750032424927,0.8650014801969294,1331,ColabFold,single,truth,81.39328205128206,31.53125,0.72
135,3.293009042739868,0.6886975169181824,0.6982469220841644,1331,ColabFold,single,comb,92.73935042735043,30.078125,0.87
136,3.285346031188965,0.6888733506202698,0.7045683134729367,1331,ColabFold,single,esm,95.16471794871795,29.421875,0.91
137,3.203390598297119,0.6882708072662354,0.7335857224031526,1331,ColabFold,full,none,84.47208547008547,31.34375,0.74
138,3.2608683109283447,0.6876558065414429,0.7318740442393045,1331,ColabFold,full,omega,91.2034188034188,30.21875,0.84
139,3.184544801712036,0.6942111253738403,0.7855651117621457,1331,ColabFold,full,truth,85.40989743589743,31.3125,0.75
140,3.276434898376465,0.6891276836395264,0.7013642008873239,1331,ColabFold,full,comb,91.79205128205128,29.96875,0.88
141,3.2743735313415527,0.6891471743583679,0.7039683067361985,1331,ColabFold,full,esm,93.28437606837606,29.515625,0.9
142,3.3476483821868896,0.6886659860610962,0.7168693659262266,1331,ColabFold,single,af,94.39010256410256,30.78125,0.88
143,18.063764572143555,0.24019747972488403,0.3012818579399789,1231,OmegaFold,,,,,
144,18.210344314575195,0.27543842792510986,0.30428877746471505,1231,ESM,,,,,
145,21.55219841003418,0.2297360897064209,0.31766419339671326,1231,ColabFold,single,none,37.68755639097744,31.328125,0.35
146,18.13387107849121,0.2544363737106323,0.2797423306522093,1231,ColabFold,single,omega,76.73469924812031,31.1875,0.72
147,0.21523690223693848,0.803488552570343,0.9021348627081512,1231,ColabFold,single,truth,87.9798872180451,31.515625,0.82
148,18.040027618408203,0.2528338134288788,0.2816244005685812,1231,ColabFold,single,comb,62.71966165413534,31.28125,0.58
149,18.405006408691406,0.27604684233665466,0.26807562968625603,1231,ColabFold,single,esm,76.09984962406016,31.140625,0.78
150,7.761817932128906,0.5595353841781616,0.5730506670767189,1231,ColabFold,full,none,52.11477443609022,31.4375,0.55
151,18.086339950561523,0.25522127747535706,0.28303760315614934,1231,ColabFold,full,omega,74.6562030075188,31.15625,0.7
152,0.20236733555793762,0.8036096692085266,0.921938443418157,1231,ColabFold,full,truth,87.80763157894737,31.46875,0.83
153,17.97219467163086,0.25567999482154846,0.2802479552206416,1231,ColabFold,full,comb,62.69766917293233,31.203125,0.59
154,18.3431453704834,0.2751353681087494,0.2655783928024379,1231,ColabFold,full,esm,73.24864661654135,31.171875,0.76
155,10.937893867492676,0.5736077427864075,0.5105628966630231,1231,ColabFold,single,af,85.41116541353384,31.3125,0.83
156,3.0960326194763184,0.4350912868976593,0.48845554924259504,1377,OmegaFold,,,,,
157,9.134003639221191,0.3879237174987793,0.427650892574065,1377,ESM,,,,,
158,24.635591506958008,0.16138698160648346,0.26076240419524,1377,ColabFold,single,none,32.108606431852984,31.375,0.22
159,3.0928165912628174,0.43490731716156006,0.4443850517864179,1377,ColabFold,single,omega,88.95932618683001,31.46875,0.82
160,1.6764321327209473,0.45897093415260315,0.6594098646483174,1377,ColabFold,single,truth,59.97398162327718,31.5625,0.53
161,9.081976890563965,0.3888242244720459,0.4047087077118186,1377,ColabFold,single,comb,81.42477794793263,31.5,0.82
162,9.112842559814453,0.3885423243045807,0.4089361707534954,1377,ColabFold,single,esm,87.66321592649311,31.4375,0.88
163,1.962729811668396,0.4503698945045471,0.42137460268131555,1377,ColabFold,full,none,81.01188361408882,31.046875,0.54
164,1.9230177402496338,0.4524439871311188,0.4658703276240761,1377,ColabFold,full,omega,82.69476263399693,31.15625,0.73
165,1.6131821870803833,0.457614004611969,0.4513950109287879,1377,ColabFold,full,truth,81.86339969372129,31.078125,0.54
166,2.0010907649993896,0.44991520047187805,0.4157186522994951,1377,ColabFold,full,comb,79.89885145482388,31.453125,0.54
167,2.0010907649993896,0.44991520047187805,0.4157186522994951,1377,ColabFold,full,esm,79.89885145482388,31.453125,0.54
168,1.975869059562683,0.45007985830307007,0.41816509368581545,1377,ColabFold,single,af,92.45052067381317,31.359375,0.88
169,13.680598258972168,0.6233194470405579,0.6426834693609175,1391,OmegaFold,,,,,
170,13.589766502380371,0.5965086817741394,0.6585673769651498,1391,ESM,,,,,
171,19.42835235595703,0.39318451285362244,0.44321993150172034,1391,ColabFold,single,none,37.36391167192429,31.421875,0.28
172,13.744206428527832,0.6232247352600098,0.6167453928375568,1391,ColabFold,single,omega,88.8377287066246,31.59375,0.81
173,0.42010948061943054,0.9269300699234009,0.9190833499919087,1391,ColabFold,single,truth,93.5086119873817,31.53125,0.88
174,13.747596740722656,0.6216259598731995,0.6156683123762503,1391,ColabFold,single,comb,82.98413249211356,31.640625,0.74
175,13.658935546875,0.5962224006652832,0.6530369154119224,1391,ColabFold,single,esm,90.551261829653,31.546875,0.85
176,1.3230541944503784,0.8954002261161804,0.8470306444375731,1391,ColabFold,full,none,92.72914826498423,31.53125,0.88
177,1.3081048727035522,0.8960886597633362,0.8472248033563002,1391,ColabFold,full,omega,92.372523659306,31.53125,0.87
178,0.6525496244430542,0.9214910268783569,0.9042742302191834,1391,ColabFold,full,truth,93.28567823343849,31.234375,0.88
179,1.3081048727035522,0.8960886597633362,0.8472248033563002,1391,ColabFold,full,comb,92.372523659306,31.53125,0.87
180,1.3081048727035522,0.8960886597633362,0.8472248033563002,1391,ColabFold,full,esm,92.372523659306,31.53125,0.87
181,1.385886549949646,0.8920950293540955,0.8450749972543458,1391,ColabFold,single,af,94.83041009463723,31.46875,0.89
182,1.9753179550170898,0.8781952261924744,0.7029555059731774,1941,OmegaFold,,,,,
183,0.8533626794815063,0.9318889379501343,0.8521318720621296,1941,ESM,,,,,
184,17.28792381286621,0.4205855131149292,0.29445006747638325,1941,ColabFold,single,none,50.17767857142857,31.140625,0.49
185,1.953580379486084,0.8784133791923523,0.6911794219962537,1941,ColabFold,single,omega,93.0372619047619,29.90625,0.85
186,17.226369857788086,0.42598506808280945,0.29711368722460835,1941,ColabFold,single,truth,94.86017857142858,31.125,0.88
187,0.6630302667617798,0.9412298202514648,0.8333075667987498,1941,ColabFold,single,comb,89.41720238095238,30.59375,0.83
188,0.6637746095657349,0.9409455060958862,0.8422621203997547,1941,ColabFold,single,esm,94.12339285714286,30.5,0.87
189,0.5690376162528992,0.9458478689193726,0.8827733769248244,1941,ColabFold,full,none,92.16220238095238,30.484375,0.85
190,0.5690376162528992,0.9458478689193726,0.8827733769248244,1941,ColabFold,full,omega,92.16220238095238,30.484375,0.85
191,0.5690376162528992,0.9458478689193726,0.8827733769248244,1941,ColabFold,full,truth,94.94738095238095,29.203125,0.89
192,0.5690376162528992,0.9458478689193726,0.8827733769248244,1941,ColabFold,full,comb,92.16220238095238,30.484375,0.85
193,0.6035082936286926,0.9438005089759827,0.8574793975010537,1941,ColabFold,full,esm,94.17208333333333,30.171875,0.87
194,0.5886039137840271,0.9449654817581177,0.8596405987120729,1941,ColabFold,single,af,95.21767857142858,29.796875,0.88
195,2.5627219676971436,0.8241591453552246,0.8036068372138468,1379,OmegaFold,,,,,
196,1.5646604299545288,0.8729637861251831,0.8235852820885525,1379,ESM,,,,,
197,33.57638168334961,0.2943194508552551,0.4716174029384802,1379,ColabFold,single,none,41.96640138408304,31.140625,0.25
198,2.6474640369415283,0.8205147385597229,0.7911310380383669,1379,ColabFold,single,omega,97.24356401384082,28.25,0.91
199,0.23869232833385468,0.9156245589256287,0.9324052338851895,1379,ColabFold,single,truth,93.780830449827,31.34375,0.87
200,2.4174697399139404,0.8383338451385498,0.8015439807005956,1379,ColabFold,single,comb,95.86861591695502,29.328125,0.9
201,1.595445990562439,0.8719525337219238,0.830115435327901,1379,ColabFold,single,esm,97.21951557093426,28.125,0.91
202,1.495288610458374,0.8781951665878296,0.8459534572756925,1379,ColabFold,full,none,89.8783044982699,30.875,0.83
203,2.6382577419281006,0.8188714981079102,0.7943790544177218,1379,ColabFold,full,omega,94.11415224913495,29.640625,0.87
204,0.3086797297000885,0.9147348999977112,0.9409704537440743,1379,ColabFold,full,truth,92.91712802768166,31.0625,0.85
205,2.1974339485168457,0.8528286814689636,0.826685417321036,1379,ColabFold,full,comb,93.2943598615917,30.015625,0.88
206,1.5946544408798218,0.871489405632019,0.825237634244241,1379,ColabFold,full,esm,95.59785467128027,28.203125,0.88
207,1.3575385808944702,0.8826088905334473,0.8519998211326217,1379,ColabFold,single,af,97.91276816608996,24.28125,0.92
208,17.224916458129883,0.5813325643539429,0.7727223091321179,1801,OmegaFold,,,,,
209,17.009483337402344,0.5990225672721863,0.7745112047046445,1801,ESM,,,,,
210,19.142822265625,0.37605369091033936,0.46560082766640254,1801,ColabFold,single,none,36.587425742574254,31.3125,0.28
211,17.17943572998047,0.5814160704612732,0.7700482029762348,1801,ColabFold,single,omega,97.04858910891089,24.953125,0.87
212,1.0156199932098389,0.9413767457008362,0.8985608068854748,1801,ColabFold,single,truth,95.05126237623763,29.984375,0.9
213,17.202787399291992,0.5976921319961548,0.7842011444883934,1801,ColabFold,single,comb,95.92284653465346,29.578125,0.77
214,17.017553329467773,0.5990829467773438,0.7738186381361539,1801,ColabFold,single,esm,97.36799504950496,21.21875,0.87
215,17.130252838134766,0.583077073097229,0.7876548073087839,1801,ColabFold,full,none,93.71601485148514,29.34375,0.67
216,17.233476638793945,0.5814084410667419,0.7737601850757577,1801,ColabFold,full,omega,96.72423267326732,28.046875,0.91
217,1.0717673301696777,0.9389656782150269,0.8926661749420582,1801,ColabFold,full,truth,95.80658415841584,24.9375,0.9
218,17.1066951751709,0.5979869365692139,0.7782262123563909,1801,ColabFold,full,comb,96.30678217821782,27.75,0.86
219,17.03961944580078,0.5987944602966309,0.7765759709895361,1801,ColabFold,full,esm,97.36487623762376,22.578125,0.91
220,13.848917961120605,0.6043792366981506,0.7811048001854639,1801,ColabFold,single,af,97.54,20.78125,0.87
221,2.2941181659698486,0.8899489641189575,0.83926199507062,1062,OmegaFold,,,,,
222,1.375540018081665,0.9204967021942139,0.8796855841653529,1062,ESM,,,,,
223,5.6586432456970215,0.7370978593826294,0.72495003762349,1062,ColabFold,single,none,78.76061403508771,29.5625,0.67
224,2.2758145332336426,0.8901248574256897,0.8381491236507033,1062,ColabFold,single,omega,96.99543859649123,28.171875,0.89
225,0.32352590560913086,0.9672371745109558,0.9538815466722167,1062,ColabFold,single,truth,96.18008771929824,29.015625,0.87
226,1.3578565120697021,0.9276681542396545,0.870709152591836,1062,ColabFold,single,comb,96.48070175438596,29.0625,0.87
227,1.395067811012268,0.9207316637039185,0.8796376360238889,1062,ColabFold,single,esm,97.88640350877193,25.4375,0.89
228,1.5490360260009766,0.9054548740386963,0.8716316078287909,1062,ColabFold,full,none,95.04359649122807,28.90625,0.86
229,1.4382085800170898,0.9182368516921997,0.8532291803326482,1062,ColabFold,full,omega,95.37666666666667,29.71875,0.87
230,1.2602224349975586,0.9357485175132751,0.9317838246409675,1062,ColabFold,full,truth,95.29973684210526,29.265625,0.86
231,1.3649848699569702,0.9253931045532227,0.8747543954124701,1062,ColabFold,full,comb,97.06894736842105,28.0,0.88
232,1.4207807779312134,0.9190877079963684,0.874849710350858,1062,ColabFold,full,esm,97.44324561403509,26.984375,0.89
233,1.644374132156372,0.8971351385116577,0.8757699104574729,1062,ColabFold,single,af,97.7911403508772,25.40625,0.89
